id_instalacion,fecha_cierre,fecha_apertura,rut_jefe_cierre
103,2012-01-23 00:43:47,2012-01-31 06:54:04,44715611-3
173,2017-08-21 02:29:25,2017-08-26 02:50:30,91995839-1
18,2015-12-17 00:16:27,2015-12-20 16:05:18,82645956-5
34,2017-10-18 07:34:56,2017-10-27 17:02:28,14200344-9
91,2019-08-29 00:03:15,2019-09-10 15:26:21,74415365-4
174,2017-07-02 15:46:45,2017-07-06 19:52:42,41091494-8
88,2013-12-11 00:19:37,2013-12-24 02:38:44,73324033-4
46,2020-01-11 04:41:41,2020-01-17 15:41:58,67629255-1
153,2010-06-02 05:06:45,2010-06-09 14:38:50,38631846-8
192,2018-02-22 21:33:23,2018-03-09 06:33:55,33572631-6
191,2017-08-25 13:52:13,2017-09-08 15:51:00,32359787-1
28,2018-09-26 20:50:40,2018-10-04 00:57:34,94362008-3
82,2013-05-15 07:21:50,2013-05-25 08:59:44,86043030-4
13,2020-07-21 17:41:52,2020-07-28 22:58:38,79459402-3
144,2018-01-06 22:29:40,2018-01-12 05:36:38,70388205-6
183,2010-03-28 04:27:27,2010-04-07 15:58:53,34776869-3
105,2013-11-02 21:45:14,2013-11-07 11:52:29,95514882-7
207,2013-09-30 22:21:46,2013-10-12 22:35:59,79758989-6
21,2016-05-20 03:26:46,2016-05-30 12:41:18,82376572-k
56,2015-03-30 03:10:35,2015-04-03 17:41:23,63968995-6
125,2019-06-11 00:35:34,2019-06-15 06:54:53,84911278-3
160,2016-02-28 03:15:36,2016-03-06 11:41:39,96735305-1
184,2012-06-01 23:46:13,2012-06-08 02:16:50,14046488-0
77,2019-04-04 04:52:02,2019-04-07 07:38:53,78734770-3
10,2015-08-11 11:40:43,2015-08-24 18:23:12,49326776-0
116,2012-09-21 16:19:30,2012-09-30 02:43:16,52968708-7
134,2013-02-16 17:00:30,2013-03-03 03:28:17,80698616-k
210,2020-09-04 10:06:12,2020-09-14 02:23:01,83386046-1
185,2013-12-24 06:16:08,2013-12-30 16:52:18,86555166-5
27,2016-02-04 20:35:48,2016-02-08 02:06:06,69402733-4
213,2015-02-22 20:57:26,2015-02-26 23:20:58,72800848-2
140,2013-10-28 18:39:37,2013-11-02 04:04:43,68377701-3
164,2013-11-12 08:06:10,2013-11-23 11:24:35,61995722-9
60,2019-03-26 16:24:20,2019-04-07 21:01:36,54121962-5
115,2014-10-07 00:06:01,2014-10-11 13:14:54,27952560-4
129,2012-08-30 14:52:01,2012-09-07 06:49:23,20180335-7
203,2019-01-05 05:58:33,2019-01-08 20:43:10,75129314-3
171,2019-01-08 17:11:14,2019-01-18 23:33:26,11091024-k
65,2016-08-18 11:01:08,2016-08-27 03:40:55,71134226-5
101,2017-02-06 04:26:09,2017-02-17 16:17:03,89146700-1
48,2013-03-22 14:03:33,2013-03-30 00:31:48,11554909-k
133,2013-05-28 04:36:20,2013-06-03 06:51:51,31113786-7
10,2014-01-21 19:00:16,2014-02-04 06:59:03,11118739-8
28,2013-02-24 00:58:46,2013-03-07 03:42:00,83118985-1
31,2011-03-19 08:20:07,2011-04-03 00:13:42,90471139-k
148,2016-07-11 00:12:12,2016-07-18 06:37:45,89671041-9
25,2019-10-01 16:08:08,2019-10-14 08:44:54,42226798-0
102,2010-04-16 01:14:24,2010-04-28 02:11:09,34643031-1
47,2012-01-09 04:34:41,2012-01-19 06:03:18,27183294-k
21,2019-08-28 11:12:00,2019-09-06 03:39:40,35340502-0
207,2015-12-19 14:57:37,2015-12-28 22:37:46,79758989-6
201,2017-07-01 04:40:56,2017-07-06 20:40:40,86683089-4
200,2010-09-08 22:07:44,2010-09-17 06:18:08,35662780-6
135,2011-04-29 19:02:02,2011-05-10 20:16:00,70624789-0
100,2011-09-29 12:20:29,2011-10-13 15:23:09,34996262-4
1,2013-10-16 04:47:09,2013-10-19 18:04:04,73842540-5
105,2016-02-27 01:59:27,2016-03-05 11:54:30,67753422-2
59,2012-04-05 06:58:45,2012-04-11 16:15:00,16792411-5
146,2015-04-29 18:24:41,2015-05-03 00:27:02,69698793-9
84,2014-05-28 11:46:15,2014-06-11 12:53:51,35155157-7
78,2019-03-03 04:14:11,2019-03-11 12:17:20,56725663-4
72,2011-06-17 19:01:16,2011-06-27 21:00:10,46012714-9
173,2018-12-09 06:20:57,2018-12-20 15:58:34,22234852-8
193,2017-10-30 15:59:45,2017-11-09 03:33:16,35288330-1
79,2014-07-05 14:21:38,2014-07-13 01:14:38,92244003-4
185,2014-03-14 15:07:05,2014-03-27 07:30:16,88538509-5
139,2015-02-02 17:53:30,2015-02-16 22:33:14,51194123-7
34,2011-01-22 03:12:51,2011-02-05 03:51:32,83905334-7
3,2013-11-11 11:55:36,2013-11-21 15:14:50,27626683-7
74,2016-03-02 01:03:44,2016-03-13 11:41:10,80282829-2
36,2020-06-26 04:30:06,2020-07-08 09:40:24,48979148-k
174,2020-01-09 21:48:14,2020-01-24 00:42:51,41091494-8
147,2010-04-04 15:24:21,2010-04-12 02:21:46,16836029-0
11,2018-03-01 14:19:31,2018-03-05 20:28:51,42723522-k
212,2019-02-04 07:46:10,2019-02-14 15:40:12,70019535-k
0,2010-09-23 20:03:35,2010-10-05 21:19:35,75295314-7
41,2014-08-27 20:53:02,2014-09-11 11:39:41,87649058-7
137,2014-07-20 09:25:35,2014-07-31 17:54:34,28792266-3
148,2017-05-07 03:25:20,2017-05-12 10:24:37,69186141-4
198,2017-02-25 13:29:20,2017-03-03 19:13:01,86447590-6
108,2018-12-05 10:35:35,2018-12-17 02:14:59,49718772-9
209,2014-02-16 11:27:20,2014-02-27 17:57:53,92270331-0
100,2017-06-15 04:15:58,2017-06-20 10:32:32,92394961-5
182,2010-12-03 21:24:38,2010-12-12 09:57:40,81234956-2
7,2014-11-03 04:31:43,2014-11-10 16:20:01,87282538-k
191,2012-04-30 14:56:28,2012-05-15 05:18:06,92253121-8
41,2010-02-19 23:24:50,2010-03-01 10:57:43,38470405-0
160,2017-12-15 03:46:22,2017-12-28 15:01:45,18969557-8
109,2010-11-29 20:27:07,2010-12-10 10:12:28,40503382-8
14,2011-07-16 00:49:01,2011-07-24 08:23:59,10544563-6
133,2012-05-20 02:22:57,2012-06-03 18:12:24,31113786-7
109,2019-06-13 18:41:26,2019-06-24 20:24:44,75766984-6
165,2015-05-04 21:59:23,2015-05-14 00:39:19,87442136-7
24,2014-06-23 05:21:14,2014-07-06 10:47:44,44100123-1
101,2018-05-08 14:35:34,2018-05-18 16:58:51,62887150-7
143,2018-01-05 23:05:18,2018-01-10 11:42:17,14761964-2
108,2020-04-01 09:08:39,2020-04-13 21:50:07,49718772-9
147,2020-08-26 02:20:07,2020-09-08 02:51:24,81602032-8
176,2011-09-22 20:16:46,2011-10-05 06:17:17,42678415-7
41,2015-11-19 21:54:13,2015-11-26 11:47:18,87649058-7
74,2012-09-11 15:16:44,2012-09-17 22:16:10,47121914-2
200,2012-06-24 23:02:20,2012-07-02 10:07:09,53329659-9
154,2018-09-30 06:59:54,2018-10-08 11:57:07,49641463-2
89,2017-08-03 21:00:40,2017-08-18 03:56:38,20694588-5
10,2019-11-13 17:12:01,2019-11-18 07:10:29,49326776-0
202,2020-06-03 00:37:25,2020-06-17 09:05:51,53325503-5
0,2013-11-19 16:55:12,2013-11-23 05:19:10,12842111-4
141,2019-05-19 07:22:15,2019-05-27 15:02:13,10959343-5
96,2013-08-25 20:10:03,2013-08-29 09:48:20,94688326-3
208,2019-04-15 15:08:21,2019-04-20 23:26:36,96964691-9
87,2014-03-03 00:02:20,2014-03-06 01:50:44,78156640-3
79,2014-12-06 18:52:03,2014-12-19 03:00:09,92244003-4
180,2011-06-16 19:20:46,2011-06-29 07:19:08,61514910-1
96,2015-06-04 00:06:55,2015-06-09 10:29:04,49891081-5
59,2019-12-17 23:16:28,2019-12-21 03:58:06,75910499-4
118,2018-05-22 17:23:02,2018-05-28 18:59:32,30001031-8
34,2016-03-27 17:36:50,2016-04-06 06:42:48,83905334-7
96,2018-02-01 09:05:36,2018-02-08 21:19:23,95623149-3
196,2010-10-23 01:43:45,2010-11-04 09:35:47,22060310-5
194,2018-04-13 00:42:13,2018-04-25 14:12:03,51616764-5
36,2013-05-08 06:07:59,2013-05-12 19:55:11,70876733-6
155,2018-01-23 08:23:14,2018-02-06 23:44:48,19209075-k
130,2011-11-28 13:26:20,2011-12-04 23:45:18,16636734-4
95,2014-08-29 04:47:29,2014-09-01 08:00:18,49036882-5
18,2011-09-08 17:14:32,2011-09-22 22:16:03,70638696-3
23,2017-06-01 08:29:37,2017-06-11 21:48:20,28630079-0
67,2014-08-12 02:56:52,2014-08-24 05:57:47,53721649-2
21,2011-08-14 15:58:33,2011-08-29 06:34:33,82376572-k
173,2018-08-19 14:19:19,2018-08-29 15:46:14,23000993-7
91,2014-04-13 12:56:02,2014-04-26 16:13:03,74415365-4
16,2016-07-07 15:33:41,2016-07-18 21:55:26,37925650-3
157,2017-08-16 09:10:23,2017-08-23 20:38:11,60158787-4
4,2012-11-17 08:57:36,2012-11-27 14:39:38,79861684-6
170,2012-04-21 05:10:58,2012-04-27 08:25:14,98642893-3
196,2015-05-29 22:31:00,2015-06-05 11:45:47,93176945-6
11,2012-06-15 19:13:48,2012-06-27 05:53:51,42723522-k
203,2011-09-01 00:18:48,2011-09-06 04:32:29,26196183-0
180,2020-02-04 20:31:58,2020-02-08 10:44:27,37742604-5
110,2010-01-31 12:52:54,2010-02-12 20:18:02,29637564-0
133,2012-06-01 19:01:50,2012-06-10 03:58:49,31113786-7
15,2010-06-17 00:03:32,2010-06-28 03:33:01,67710168-7
87,2019-01-11 20:23:52,2019-01-15 11:57:45,80640357-1
160,2017-05-03 18:17:16,2017-05-13 03:00:56,23298314-0
40,2016-09-07 17:10:20,2016-09-21 05:11:26,23494123-2
55,2018-08-18 00:24:03,2018-08-27 01:52:54,91957885-8
179,2012-05-25 04:04:30,2012-05-28 07:06:07,64269343-3
133,2011-10-11 09:27:17,2011-10-20 18:44:49,95226644-6
32,2013-03-10 00:56:38,2013-03-18 09:07:58,22997103-4
52,2014-04-16 21:15:06,2014-04-21 07:01:32,61993529-2
84,2018-06-05 06:22:02,2018-06-09 20:41:09,55422937-9
117,2010-08-25 00:28:23,2010-09-06 13:44:50,89751595-4
203,2014-05-07 22:39:22,2014-05-12 07:30:46,50109588-5
209,2010-12-29 17:57:35,2011-01-08 20:02:49,26257768-6
211,2020-04-12 11:23:39,2020-04-24 16:51:24,55326528-2
86,2014-12-07 13:26:52,2014-12-14 19:21:02,63795324-9
201,2010-12-13 15:37:33,2010-12-25 04:30:27,86683089-4
8,2010-02-17 15:41:54,2010-03-01 03:22:06,35480818-8
110,2017-01-13 08:02:29,2017-01-21 13:51:44,29637564-0
194,2014-04-07 11:02:21,2014-04-17 22:46:26,54593722-0
78,2019-02-01 22:33:47,2019-02-09 08:10:59,27161682-1
37,2013-03-20 01:16:54,2013-03-23 07:29:52,78897889-8
94,2012-06-06 10:19:42,2012-06-20 21:47:58,44290962-8
168,2012-04-26 23:14:48,2012-05-08 11:38:02,37142311-7
24,2016-06-14 18:23:03,2016-06-27 06:09:04,59129614-0
119,2020-03-29 14:20:08,2020-04-05 18:18:44,59105378-7
65,2014-01-31 10:05:54,2014-02-13 13:26:36,30928102-0
204,2016-05-06 17:22:34,2016-05-16 06:57:50,58191750-3
77,2013-03-24 01:22:38,2013-04-04 10:41:23,59444986-k
136,2015-04-17 11:27:22,2015-04-30 22:35:50,15460166-k
192,2018-11-07 02:05:50,2018-11-17 09:23:38,19942007-0
19,2011-10-09 02:29:22,2011-10-17 03:32:55,21759577-0
81,2014-12-18 11:53:34,2014-12-28 22:25:13,87634133-6
4,2012-12-16 10:47:41,2012-12-21 20:00:12,79861684-6
154,2015-02-27 16:45:29,2015-03-05 01:31:46,55106753-k
45,2017-03-04 06:04:46,2017-03-15 12:12:35,68505645-3
114,2011-03-07 10:32:36,2011-03-18 00:38:20,89793517-1
21,2018-04-04 06:29:09,2018-04-15 12:16:38,34846808-1
71,2015-07-14 00:07:57,2015-07-18 09:49:54,81698647-8
204,2019-01-19 18:05:49,2019-01-27 05:07:12,10927357-0
177,2015-05-22 08:12:58,2015-05-27 14:58:18,87861767-3
89,2019-05-31 12:59:19,2019-06-11 05:11:22,20694588-5
42,2020-03-09 13:13:42,2020-03-19 19:28:17,69020528-9
207,2011-12-22 11:09:53,2012-01-04 00:36:01,35785969-7
138,2011-11-03 14:19:40,2011-11-08 22:31:41,89512502-4
39,2016-05-22 02:38:32,2016-05-30 06:35:53,58303600-8
58,2016-10-18 03:14:06,2016-10-31 15:43:14,63421928-5
137,2014-08-17 19:30:43,2014-08-28 20:33:23,84729190-7
164,2012-09-29 21:59:27,2012-10-09 03:19:26,75397524-1
41,2014-12-02 06:08:39,2014-12-06 08:40:48,29950437-9
75,2019-01-11 09:58:22,2019-01-25 13:53:32,34823992-9
88,2020-05-24 00:38:01,2020-05-30 06:17:43,77366538-9
119,2013-05-01 22:04:40,2013-05-05 12:58:38,38204359-6
25,2020-04-25 20:39:28,2020-05-07 22:16:55,59537115-5
114,2014-06-16 01:56:36,2014-06-19 13:53:35,89793517-1
167,2018-06-10 02:19:01,2018-06-17 18:48:24,59150917-9
139,2015-08-24 12:07:53,2015-08-30 14:06:10,56425505-k
145,2020-02-09 02:49:03,2020-02-16 18:45:39,40644356-6
113,2011-06-23 13:43:04,2011-07-02 18:58:47,81401624-2
203,2020-08-27 15:42:57,2020-09-06 18:04:59,40978316-3
131,2019-07-06 20:57:18,2019-07-18 03:41:39,30991735-9
54,2011-08-23 06:30:26,2011-09-05 11:11:51,79348268-k
123,2014-01-02 23:39:42,2014-01-11 10:22:14,68225683-4
160,2011-02-21 21:38:23,2011-03-06 12:01:30,51317447-0
15,2015-12-03 03:29:17,2015-12-16 06:11:27,31359212-k
110,2010-04-13 01:07:21,2010-04-23 05:27:10,29637564-0
101,2011-10-16 17:57:22,2011-10-24 07:56:01,80885102-4
117,2010-03-20 14:07:18,2010-04-02 23:46:59,38717290-4
134,2015-10-14 18:01:02,2015-10-27 04:07:38,80698616-k
100,2012-01-09 17:12:40,2012-01-13 01:32:06,56474633-9
91,2010-12-27 21:18:37,2011-01-10 08:49:35,74415365-4
127,2011-04-19 21:54:39,2011-05-02 09:49:12,14343597-0
63,2012-06-13 03:05:22,2012-06-26 06:44:42,86083776-5
211,2014-05-29 00:05:08,2014-06-06 05:14:57,55326528-2
102,2018-09-04 15:29:20,2018-09-15 03:54:37,88107942-9
143,2013-05-13 03:03:23,2013-05-20 18:17:22,14761964-2
65,2017-08-20 15:35:08,2017-08-31 19:26:55,65809271-5
175,2019-03-09 12:51:45,2019-03-13 13:10:26,33890329-4
86,2018-12-19 08:05:28,2018-12-31 23:43:52,84921010-6
198,2019-06-04 22:17:48,2019-06-10 10:05:54,47329036-7
133,2013-02-19 21:47:09,2013-03-06 13:46:33,29622397-2
154,2013-07-26 16:20:34,2013-07-29 19:53:25,25368817-3
153,2010-11-12 06:17:38,2010-11-24 07:40:19,47326835-3
30,2017-08-25 10:06:01,2017-09-06 00:04:34,33016426-3
74,2015-08-22 03:32:31,2015-08-26 11:16:45,42300579-3
50,2013-03-22 06:37:47,2013-03-25 09:56:39,46531952-6
194,2014-06-05 11:37:49,2014-06-18 22:17:05,37126798-0
67,2012-06-18 12:14:24,2012-06-27 16:30:26,59137080-4
14,2010-11-05 09:08:47,2010-11-14 22:27:07,85297873-2
156,2012-01-27 05:38:53,2012-02-03 12:05:26,52778909-5
143,2013-09-08 06:11:31,2013-09-16 20:49:42,14761964-2
112,2016-03-05 17:37:05,2016-03-10 03:27:30,30680313-1
27,2015-06-07 01:26:45,2015-06-14 08:08:40,44281327-2
211,2020-03-27 14:23:04,2020-04-05 21:26:18,56499633-5
144,2015-11-23 12:16:14,2015-11-26 23:04:57,11439340-1
168,2014-10-28 12:49:13,2014-11-08 19:27:34,83469143-4
192,2014-10-23 06:48:47,2014-10-26 23:27:39,91935122-5
143,2015-01-01 21:26:22,2015-01-05 08:13:08,83399209-0
29,2014-02-24 14:16:18,2014-03-07 05:59:48,54122700-8
74,2020-07-26 18:17:59,2020-08-02 10:14:12,49798131-k
159,2015-11-13 14:12:26,2015-11-27 16:44:09,63532763-4
29,2011-11-01 18:57:59,2011-11-12 20:18:18,28231652-8
82,2017-05-11 23:58:38,2017-05-15 15:16:15,83290634-4
82,2018-12-24 08:35:47,2019-01-03 15:19:46,33006349-1
136,2020-05-02 01:56:28,2020-05-08 14:01:53,54982068-9
140,2013-03-28 04:34:00,2013-04-01 14:21:45,68377701-3
75,2017-01-02 17:56:30,2017-01-11 04:17:28,79850677-3
214,2010-05-05 20:34:11,2010-05-17 01:51:48,19706256-8
203,2020-03-15 06:21:35,2020-03-21 13:14:35,63688364-6
94,2010-09-24 11:39:42,2010-10-07 13:08:07,41361801-0
11,2012-09-27 12:15:23,2012-10-02 01:19:57,97996738-1
143,2019-12-22 20:25:56,2019-12-27 22:09:31,61863167-2
208,2014-01-29 23:12:13,2014-02-06 23:41:12,56535213-k
188,2018-08-17 09:21:05,2018-08-26 01:25:16,66844166-1
98,2016-04-24 22:12:52,2016-05-01 09:08:19,99837067-1
135,2017-05-16 13:24:10,2017-05-24 00:44:27,21924647-1
187,2015-10-23 09:51:42,2015-11-04 22:50:32,73543707-0
97,2014-10-25 02:02:31,2014-11-04 05:53:29,77020926-9
180,2016-01-26 06:41:58,2016-02-08 11:02:06,61514910-1
93,2010-01-08 22:42:07,2010-01-19 23:15:19,82833215-5
163,2014-02-19 04:04:53,2014-02-24 07:40:16,42162871-8
51,2018-12-16 20:11:01,2018-12-31 11:26:41,66970190-k
191,2011-08-31 07:38:29,2011-09-11 10:55:33,29415476-0
46,2013-02-10 04:58:46,2013-02-23 16:07:11,67629255-1
170,2013-06-21 13:01:59,2013-07-03 17:49:52,73557956-8
99,2018-01-16 03:47:09,2018-01-19 10:00:52,17195049-k
80,2012-01-16 20:13:04,2012-01-26 12:15:20,85301240-8
136,2020-02-20 23:19:11,2020-02-27 14:59:18,42354523-2
0,2020-04-09 12:02:33,2020-04-15 00:37:39,75295314-7
85,2020-08-19 10:57:02,2020-08-29 20:12:31,15451762-6
32,2015-08-30 12:53:34,2015-09-05 00:17:52,88413708-k
42,2020-07-10 14:51:27,2020-07-13 18:04:59,69020528-9
6,2012-03-03 13:11:39,2012-03-14 13:44:29,45453849-8
202,2016-08-29 16:00:41,2016-09-03 19:33:06,41581842-4
119,2013-07-14 02:17:51,2013-07-27 04:22:53,59105378-7
161,2010-01-05 01:20:29,2010-01-19 13:01:34,27143992-k
197,2015-10-04 21:37:41,2015-10-18 23:49:05,98849412-7
9,2010-07-22 06:07:05,2010-07-30 22:34:42,70106627-8
97,2011-04-05 09:50:39,2011-04-19 11:36:36,60926655-4
90,2010-05-10 13:07:11,2010-05-18 16:55:52,24878659-0
107,2014-07-14 02:03:29,2014-07-18 11:33:35,38317707-3
23,2018-11-22 09:25:22,2018-11-26 22:47:44,57689116-4
161,2013-05-18 06:32:18,2013-05-21 18:08:20,83029887-8
189,2012-02-11 12:35:30,2012-02-23 02:37:09,45347413-5
81,2015-09-19 07:35:50,2015-09-26 20:24:57,48246125-5
117,2013-08-28 19:33:50,2013-09-07 03:03:19,44060880-9
72,2012-01-11 08:30:45,2012-01-16 19:12:04,22637365-9
57,2018-11-09 15:49:46,2018-11-20 06:51:00,57792927-0
44,2019-04-29 16:34:27,2019-05-13 21:39:42,12412672-k
61,2017-06-24 08:34:32,2017-07-08 15:56:46,93900888-8
20,2011-11-12 19:17:17,2011-11-16 02:33:59,78918085-7
15,2016-06-23 18:18:46,2016-07-04 03:36:30,18665525-7
17,2014-11-30 17:17:54,2014-12-15 09:25:15,80291272-2
67,2011-04-18 06:24:21,2011-04-22 21:04:21,58038177-4
201,2015-03-02 17:01:14,2015-03-06 08:00:55,69777560-9
114,2014-06-18 04:32:18,2014-06-22 15:09:49,28370900-0
79,2018-11-19 03:26:00,2018-11-25 18:26:56,92244003-4
215,2011-07-28 07:38:39,2011-08-11 10:18:27,99075946-4
38,2011-03-10 06:01:15,2011-03-15 12:18:55,73222374-6
118,2017-12-21 01:41:21,2017-12-26 02:35:39,48553208-0
191,2020-06-05 15:13:40,2020-06-20 04:13:21,92253121-8
78,2013-06-27 20:19:10,2013-07-04 06:37:51,12815044-7
54,2010-03-10 10:03:39,2010-03-24 00:51:12,79348268-k
183,2014-05-03 02:45:54,2014-05-07 14:07:19,32644502-9
80,2020-01-13 23:13:32,2020-01-20 12:32:17,50319391-4
96,2012-01-13 12:47:13,2012-01-21 15:11:06,44770429-3
135,2018-12-05 23:52:43,2018-12-14 07:01:25,82719046-2
127,2019-08-25 00:08:17,2019-09-04 14:36:56,14343597-0
18,2014-10-29 12:20:06,2014-11-08 01:12:32,53783913-9
183,2014-03-21 21:58:58,2014-03-26 03:06:18,48425773-6
12,2010-04-21 03:02:20,2010-05-03 16:46:21,69265725-k
211,2016-10-27 20:03:34,2016-11-03 22:14:53,55326528-2
0,2011-11-10 12:49:16,2011-11-15 12:57:03,12842111-4
144,2014-02-06 15:39:38,2014-02-18 02:04:24,70388205-6
160,2011-10-09 01:44:14,2011-10-22 12:45:04,82319208-8
37,2016-07-20 14:03:46,2016-08-01 21:02:57,41694611-6
97,2010-01-24 16:04:34,2010-02-04 20:07:53,87544765-3
74,2015-09-21 21:57:09,2015-09-30 11:23:04,47121914-2
162,2019-12-13 20:54:53,2019-12-19 01:24:50,48998776-7
82,2010-09-18 20:13:54,2010-09-24 09:19:02,64268937-1
206,2017-01-12 08:07:59,2017-01-26 19:39:07,21219682-7
181,2019-03-25 22:32:22,2019-03-31 08:51:11,34761062-3
0,2018-09-16 10:03:13,2018-09-22 14:12:53,12842111-4
143,2016-06-11 13:22:28,2016-06-14 19:02:44,19027799-2
111,2016-01-31 14:49:28,2016-02-12 02:12:55,62820832-8
52,2011-02-25 08:10:50,2011-03-01 00:16:31,61993529-2
53,2016-07-27 03:43:00,2016-08-02 11:47:49,53747213-8
11,2015-06-27 13:18:02,2015-07-05 16:05:11,97996738-1
86,2011-09-07 21:23:26,2011-09-15 23:22:18,42113348-4
208,2018-11-30 22:50:31,2018-12-09 06:00:08,97404549-4
155,2010-02-23 22:06:50,2010-03-09 02:11:05,81207716-3
18,2019-04-09 18:53:58,2019-04-22 05:40:34,12920124-k
76,2018-10-20 12:38:36,2018-11-01 17:42:25,73418283-4
93,2011-12-08 03:42:36,2011-12-15 04:53:30,44372095-2
188,2012-01-15 02:56:01,2012-01-21 06:24:21,83584289-4
177,2010-04-12 05:14:46,2010-04-17 12:34:49,24129722-5
165,2017-05-09 04:35:17,2017-05-18 15:32:44,87442136-7
31,2020-06-20 06:16:40,2020-06-26 22:35:59,90471139-k
186,2018-05-15 16:27:18,2018-05-22 09:07:01,31679088-7
164,2013-06-12 10:16:45,2013-06-23 23:08:02,75397524-1
29,2013-03-29 16:23:20,2013-04-06 07:27:40,28231652-8
95,2011-11-14 07:08:12,2011-11-23 14:35:00,38235761-2
2,2011-07-26 06:38:35,2011-07-30 20:12:03,93840785-1
26,2014-10-11 19:47:33,2014-10-25 11:40:18,43922451-7
66,2013-08-26 20:16:59,2013-08-30 06:06:06,95932617-7
149,2011-11-25 08:04:44,2011-11-30 11:53:57,13690129-k
68,2011-12-04 04:03:51,2011-12-08 16:51:29,99294258-4
105,2017-09-17 03:49:20,2017-09-26 13:24:40,91059844-9
99,2017-10-22 06:03:31,2017-11-03 08:41:01,48161908-4
160,2016-10-24 23:55:14,2016-10-30 11:17:21,93550420-1
138,2020-07-05 17:55:34,2020-07-17 04:25:18,44604413-3
207,2010-08-13 19:22:31,2010-08-23 19:53:44,35785969-7
204,2016-05-22 10:14:45,2016-05-27 10:24:47,66183219-3
203,2017-03-22 12:05:57,2017-03-27 14:24:30,40978316-3
124,2017-08-21 21:15:38,2017-09-05 04:21:09,26123513-7
179,2019-11-09 10:35:22,2019-11-16 14:45:12,14811794-2
83,2013-11-04 08:52:15,2013-11-18 18:00:21,49995619-3
16,2015-08-20 02:45:50,2015-08-29 10:31:27,26240285-1
166,2019-04-10 20:01:37,2019-04-19 01:41:19,78463527-9
13,2011-05-14 08:41:02,2011-05-23 15:43:38,52176953-k
186,2015-04-16 00:15:33,2015-04-30 13:24:21,53234460-3
45,2017-10-20 01:16:35,2017-10-30 11:16:13,22274441-5
21,2010-10-14 10:10:33,2010-10-22 16:06:43,35340502-0
54,2010-08-08 22:59:48,2010-08-14 07:18:36,48925896-k
92,2015-06-29 00:09:31,2015-07-04 06:23:52,12033288-0
46,2011-08-28 07:26:29,2011-08-31 21:51:28,91888493-9
172,2011-06-25 09:42:00,2011-06-28 18:23:17,59959821-9
50,2010-07-20 19:56:31,2010-07-24 08:31:30,62550748-0
92,2020-03-15 15:18:14,2020-03-19 17:13:28,30224213-5
79,2017-08-30 05:01:41,2017-09-11 16:43:59,92244003-4
103,2010-09-26 08:35:20,2010-10-09 23:48:50,95667888-9
8,2010-12-05 13:56:56,2010-12-14 02:00:38,87631642-0
26,2017-08-28 16:02:09,2017-09-01 04:46:59,95741388-9
147,2014-06-02 10:06:53,2014-06-11 18:27:27,48433213-4
56,2010-03-06 13:03:18,2010-03-21 02:39:53,77941465-5
186,2019-09-15 19:38:33,2019-09-29 04:35:45,53234460-3
142,2020-03-30 11:40:44,2020-04-11 16:09:01,13592940-9
184,2010-06-19 08:27:08,2010-06-25 17:23:59,52158784-9
27,2015-05-15 15:08:08,2015-05-18 16:30:42,25002692-7
207,2014-08-01 09:32:58,2014-08-06 11:52:32,35785969-7
3,2010-05-28 18:20:46,2010-06-05 07:29:39,33078552-7
109,2016-09-30 01:01:52,2016-10-12 02:57:18,52576933-k
41,2012-05-22 04:16:25,2012-06-01 19:14:56,23686910-5
202,2015-10-01 03:49:45,2015-10-07 13:27:22,38405094-8
116,2010-07-25 05:17:24,2010-07-29 09:16:51,65346159-3
188,2014-12-05 12:18:39,2014-12-17 21:55:37,66844166-1
141,2017-02-14 20:26:14,2017-02-18 04:08:18,79344858-9
192,2020-01-02 03:18:44,2020-01-16 10:04:02,91085975-7
129,2012-01-05 12:05:00,2012-01-10 14:10:21,42538060-5
153,2013-04-22 05:54:13,2013-04-26 10:43:41,24115633-8
64,2010-09-27 07:42:11,2010-10-05 14:24:39,48007583-8
40,2012-05-05 09:45:09,2012-05-18 18:02:23,77210598-3
214,2019-03-31 05:57:03,2019-04-09 16:29:11,23625905-6
102,2014-01-20 03:46:55,2014-02-02 07:56:02,34643031-1
127,2018-11-22 02:18:39,2018-12-05 07:15:12,15955355-8
94,2016-03-02 21:58:56,2016-03-09 08:22:18,44290962-8
5,2016-04-05 08:51:32,2016-04-13 21:00:51,88094734-6
88,2018-08-31 21:45:31,2018-09-12 10:37:39,17286061-3
162,2015-04-13 08:49:44,2015-04-16 11:14:12,88034198-7
180,2017-01-04 11:12:38,2017-01-17 02:05:18,25327705-k
37,2017-06-22 16:13:35,2017-07-05 01:16:12,22479749-4
213,2015-06-22 11:30:07,2015-07-01 00:30:31,25806104-7
136,2020-01-15 17:24:57,2020-01-26 22:59:10,42354523-2
11,2018-07-11 07:23:10,2018-07-25 13:07:35,97996738-1
103,2013-03-19 15:08:24,2013-03-24 17:26:30,73026642-1
67,2010-06-30 07:15:56,2010-07-06 18:46:25,11636170-1
72,2018-09-08 07:07:14,2018-09-20 07:29:24,64370666-0
104,2019-03-01 23:38:16,2019-03-11 04:01:46,22150901-3
102,2016-03-19 23:56:55,2016-03-26 06:19:30,60916764-5
12,2013-05-22 18:13:39,2013-06-06 00:43:59,35685353-9
68,2018-06-24 10:25:33,2018-06-29 11:04:23,49166815-6
155,2012-03-03 06:52:38,2012-03-06 18:29:22,43161018-3
25,2018-05-26 09:09:52,2018-05-31 01:10:57,56914123-0
11,2017-06-20 02:06:40,2017-06-23 18:37:22,97996738-1
165,2013-11-04 14:44:35,2013-11-13 22:12:18,58945079-5
29,2018-11-22 19:54:10,2018-12-05 02:11:20,54122700-8
55,2019-01-24 11:30:16,2019-02-02 22:29:22,96900689-8
116,2012-03-08 04:05:06,2012-03-11 04:43:27,38072383-2
100,2018-05-14 11:37:29,2018-05-23 22:17:42,73540572-1
28,2013-08-25 16:09:46,2013-09-06 06:10:50,14114400-6
190,2011-03-31 14:40:26,2011-04-07 14:53:32,28273728-0
98,2019-09-01 15:59:46,2019-09-05 04:16:36,16670974-1
214,2017-08-18 18:27:38,2017-09-02 01:36:38,66714421-3
57,2011-03-25 11:46:32,2011-04-01 19:47:43,76081261-7
11,2012-07-07 06:37:18,2012-07-19 10:45:56,58557550-k
120,2014-05-30 22:38:50,2014-06-08 09:11:16,47067447-4
209,2011-02-18 10:38:53,2011-02-22 18:32:34,45467235-6
164,2010-10-08 13:13:34,2010-10-19 05:52:28,75397524-1
165,2013-05-03 19:31:07,2013-05-10 03:47:59,51844875-7
166,2010-02-23 13:23:30,2010-03-02 19:12:36,84593882-2
162,2019-03-16 10:59:59,2019-03-24 12:34:50,60370162-3
130,2013-02-27 14:06:33,2013-03-05 21:14:36,79308193-6
37,2019-07-02 20:22:26,2019-07-08 07:44:51,34349789-k
145,2018-01-19 01:10:43,2018-02-01 07:33:46,40644356-6
101,2018-12-02 18:10:44,2018-12-07 04:25:19,36615636-4
120,2013-05-15 06:47:13,2013-05-29 18:30:28,96562711-1
143,2017-10-09 05:45:56,2017-10-17 12:22:34,38563658-k
112,2015-11-02 01:50:44,2015-11-16 06:55:52,66295586-8
27,2020-03-13 06:40:59,2020-03-26 21:15:14,74361473-9
110,2013-03-28 15:46:20,2013-04-10 02:29:51,39899583-k
19,2019-03-06 23:03:43,2019-03-21 04:44:41,89118524-3
148,2011-01-01 06:44:13,2011-01-13 16:35:44,89671041-9
184,2010-06-01 20:44:14,2010-06-10 20:46:07,45717384-9
176,2017-10-05 15:21:46,2017-10-20 03:01:38,42678415-7
89,2016-11-06 21:16:40,2016-11-17 01:59:05,16008678-5
166,2012-07-27 16:12:21,2012-07-31 18:38:27,84593882-2
197,2019-08-16 13:21:07,2019-08-24 03:56:33,64221026-2
113,2014-07-15 04:41:35,2014-07-29 10:39:49,94888169-1
7,2018-09-26 03:40:10,2018-10-05 20:08:18,83538271-0
26,2010-02-11 05:07:10,2010-02-25 05:13:46,43922451-7
33,2010-09-15 22:40:35,2010-09-21 04:18:09,56292778-6
70,2013-11-15 04:59:28,2013-11-20 20:29:45,58765828-3
21,2011-03-07 06:01:45,2011-03-20 12:44:22,74759859-2
82,2012-02-06 10:45:47,2012-02-20 13:18:35,99466469-7
192,2014-04-07 23:51:01,2014-04-20 00:25:07,91935122-5
147,2018-04-25 23:02:44,2018-04-29 14:54:16,37376941-k
187,2017-01-17 15:19:14,2017-01-27 07:52:20,55012555-2
119,2014-12-30 22:53:45,2015-01-13 02:54:26,59105378-7
1,2013-11-22 19:16:11,2013-11-26 19:34:45,23407008-8
104,2017-10-20 17:10:40,2017-10-24 04:01:31,22150901-3
139,2018-07-24 16:22:16,2018-08-04 07:12:31,10619372-k
198,2016-03-22 10:33:49,2016-04-01 22:22:34,65538426-k
101,2014-01-12 17:51:02,2014-01-19 04:04:17,31706054-8
128,2013-03-16 05:07:13,2013-03-29 09:41:34,93892863-0
186,2012-11-30 15:22:51,2012-12-03 22:22:38,84569598-9
103,2013-11-22 19:56:10,2013-11-30 11:52:32,76396643-7
145,2018-05-10 07:26:44,2018-05-17 12:03:13,12187269-2
116,2019-10-15 02:48:16,2019-10-27 05:28:12,99347364-2
203,2016-04-25 00:57:56,2016-05-05 13:24:58,50109588-5
54,2017-12-02 21:53:43,2017-12-07 05:39:37,79348268-k
98,2012-04-25 16:55:05,2012-05-05 19:29:24,99837067-1
212,2017-01-09 15:34:41,2017-01-14 01:15:43,77489819-0
144,2014-06-24 12:20:44,2014-07-03 13:09:10,70388205-6
116,2019-03-08 20:42:00,2019-03-15 06:15:11,86367440-9
172,2017-10-09 08:30:21,2017-10-13 21:35:02,82993651-8
169,2014-01-15 00:07:33,2014-01-28 13:26:04,75328775-2
138,2011-01-23 22:45:51,2011-01-31 11:30:07,21201270-k
69,2017-12-01 01:18:22,2017-12-13 03:28:49,95367461-0
48,2011-11-10 07:24:18,2011-11-20 11:38:39,11554909-k
30,2019-03-23 17:39:32,2019-03-29 05:38:41,33016426-3
131,2013-01-11 06:50:31,2013-01-20 17:07:37,70582800-8
90,2018-02-04 01:39:36,2018-02-17 03:32:33,32628385-1
174,2011-12-14 00:35:11,2011-12-28 11:48:45,14292252-5
67,2013-03-21 06:11:56,2013-04-03 17:17:42,48292072-1
190,2016-03-09 11:17:10,2016-03-21 14:49:51,54746197-5
66,2015-03-12 04:40:40,2015-03-25 12:30:20,43953571-7
59,2019-07-30 10:13:01,2019-08-09 12:49:02,75910499-4
60,2018-08-07 03:42:20,2018-08-19 05:30:27,10254486-2
164,2018-02-01 03:40:33,2018-02-04 06:22:35,75397524-1
172,2020-07-08 07:29:03,2020-07-16 08:25:06,12348490-8
117,2017-11-08 18:53:28,2017-11-20 04:02:58,80092681-5
200,2018-05-17 15:56:48,2018-05-29 08:35:24,53329659-9
23,2013-05-07 09:42:46,2013-05-16 12:00:58,28630079-0
210,2015-08-30 20:33:33,2015-09-10 22:50:04,83386046-1
48,2016-10-01 12:18:14,2016-10-04 22:21:14,14377401-5
187,2013-01-22 00:00:29,2013-02-03 00:46:38,73543707-0
200,2015-12-18 17:47:51,2015-12-30 06:25:43,53329659-9
90,2015-05-06 08:49:13,2015-05-19 19:26:43,95656123-k
163,2011-09-12 00:41:48,2011-09-20 03:45:25,92554015-3
55,2014-01-09 21:34:34,2014-01-13 11:28:51,96900689-8
77,2011-05-28 03:31:18,2011-06-06 19:07:12,81600879-4
75,2020-04-24 23:49:47,2020-05-01 15:01:08,59495529-3
145,2016-04-27 10:56:13,2016-05-11 14:46:39,40644356-6
10,2014-10-31 09:13:35,2014-11-12 14:56:31,49326776-0
176,2010-06-26 11:24:50,2010-07-08 11:36:53,77484278-0
172,2013-12-28 01:44:01,2014-01-03 11:12:42,82993651-8
154,2012-05-01 13:59:49,2012-05-08 19:04:19,55106753-k
31,2016-12-18 07:09:13,2016-12-24 15:41:24,90471139-k
32,2015-09-27 09:11:55,2015-10-01 18:26:30,25450277-4
193,2019-06-13 07:14:11,2019-06-22 09:12:59,50453382-4
13,2016-05-20 15:35:44,2016-06-04 06:15:47,97675067-5
33,2012-10-05 00:28:09,2012-10-19 00:37:42,78166652-1
136,2013-09-09 06:34:28,2013-09-12 15:06:17,27712443-2
72,2013-12-22 16:53:31,2013-12-25 23:55:22,58000701-5
85,2015-06-08 19:43:34,2015-06-22 07:44:36,12460058-8
109,2017-09-03 07:23:40,2017-09-06 22:15:42,89336201-0
108,2010-02-28 13:06:13,2010-03-08 00:32:50,51853396-7
205,2018-05-25 12:19:46,2018-06-04 13:49:04,75269880-5
85,2018-03-14 16:07:57,2018-03-22 07:23:49,33874298-3
207,2015-03-25 21:36:06,2015-04-08 03:03:05,35785969-7
24,2015-10-15 20:09:04,2015-10-23 04:22:17,69141385-3
26,2013-10-29 06:43:32,2013-11-12 21:31:10,15333675-k
80,2014-11-14 18:40:37,2014-11-25 06:28:36,85301240-8
107,2013-10-11 13:10:49,2013-10-23 13:49:40,85682952-9
159,2016-10-04 05:01:11,2016-10-11 11:06:35,95185947-8
180,2020-02-08 22:56:05,2020-02-12 13:36:33,99223381-8
173,2018-07-01 09:09:20,2018-07-09 20:21:43,76356563-7
197,2017-09-27 06:29:47,2017-10-02 06:59:27,18076157-8
110,2014-10-31 08:05:14,2014-11-09 20:15:31,57342278-3
147,2013-07-19 07:02:02,2013-07-24 08:48:58,81602032-8
107,2016-12-25 07:48:08,2016-12-30 08:52:12,92311983-3
66,2010-02-14 16:54:07,2010-02-24 19:38:11,95932617-7
114,2016-11-10 23:06:01,2016-11-18 03:38:23,61892040-2
24,2020-05-08 04:21:09,2020-05-12 06:47:44,52581344-4
28,2020-01-06 16:47:39,2020-01-21 08:34:59,83118985-1
67,2017-08-05 14:04:02,2017-08-15 18:04:55,63814706-8
81,2020-01-12 03:13:45,2020-01-26 07:30:56,90739234-1
194,2012-10-01 15:44:29,2012-10-09 04:07:43,54593722-0
114,2013-03-17 14:10:33,2013-03-30 17:13:13,88697741-7
39,2016-09-20 13:13:47,2016-10-02 21:46:12,58303600-8
109,2014-12-23 15:46:27,2014-12-28 17:19:03,89336201-0
197,2019-06-04 18:54:45,2019-06-08 23:21:25,84095044-1
29,2018-08-03 14:07:44,2018-08-17 15:53:07,49993665-6
209,2013-02-26 05:28:50,2013-03-04 21:09:03,46491043-3
133,2016-03-26 13:52:36,2016-04-08 22:24:59,59814228-9
77,2014-03-15 01:31:11,2014-03-26 15:07:39,75357089-6
12,2020-08-02 02:00:27,2020-08-07 17:42:22,98544321-1
5,2015-06-30 20:00:11,2015-07-08 04:13:42,74580276-1
151,2014-10-26 21:39:39,2014-11-08 11:31:09,76563311-7
147,2014-05-31 15:30:16,2014-06-08 05:43:40,20034783-8
145,2018-04-22 09:08:49,2018-04-28 15:38:37,12187269-2
86,2011-05-19 01:24:48,2011-06-02 02:27:28,34414978-k
48,2013-01-09 05:13:39,2013-01-19 05:58:49,51630030-2
213,2013-03-27 00:31:22,2013-04-07 04:49:53,87859472-k
93,2020-01-29 22:15:48,2020-02-04 08:18:22,82833215-5
84,2011-05-19 04:05:01,2011-06-02 19:32:42,72429091-4
161,2019-11-10 06:26:28,2019-11-14 20:40:34,83029887-8
62,2015-11-16 03:58:08,2015-11-24 09:13:22,45400053-6
148,2016-09-27 16:20:17,2016-10-12 08:52:10,30364676-0
24,2010-07-21 14:36:25,2010-07-25 01:42:59,69141385-3
175,2018-03-25 00:29:32,2018-04-08 15:00:34,26617374-1
62,2010-11-27 16:40:48,2010-12-08 00:53:06,76849115-1
43,2015-01-04 23:17:00,2015-01-12 09:31:35,79543386-4
185,2011-03-24 10:06:38,2011-03-30 17:27:26,86555166-5
93,2020-03-26 06:18:35,2020-04-04 10:38:49,82833215-5
27,2012-12-17 09:26:01,2012-12-20 19:26:08,25002692-7
171,2018-02-11 01:13:33,2018-02-19 16:53:23,94559048-3
67,2016-09-05 08:28:09,2016-09-09 20:47:32,57133149-7
37,2019-03-25 08:30:25,2019-04-03 16:09:14,34349789-k
93,2019-03-24 11:35:19,2019-04-05 20:01:06,93044599-1
142,2016-06-27 09:37:08,2016-07-10 20:17:47,98121429-3
100,2020-03-31 15:08:47,2020-04-10 06:33:55,34996262-4
190,2015-01-07 09:44:29,2015-01-21 02:08:52,63953205-4
23,2017-11-13 16:53:14,2017-11-21 19:00:39,28630079-0
103,2017-07-21 14:29:50,2017-08-03 23:28:38,73026642-1
208,2019-08-30 23:45:45,2019-09-11 02:53:48,51242629-8
148,2017-04-29 00:40:20,2017-05-05 04:05:03,95777850-k
22,2020-08-10 16:43:20,2020-08-18 02:03:30,63974341-1
40,2018-03-07 03:04:33,2018-03-20 09:06:49,23494123-2
86,2018-05-01 07:58:40,2018-05-07 21:23:48,34414978-k
81,2016-05-11 15:26:43,2016-05-26 03:03:10,79480331-5
132,2018-10-31 01:21:54,2018-11-08 17:50:07,54363208-2
151,2019-03-12 21:19:12,2019-03-17 22:25:37,85973291-7
176,2016-01-14 11:44:56,2016-01-21 02:47:03,72810804-5
193,2013-04-30 06:43:16,2013-05-10 20:11:26,72570829-7
154,2017-01-14 13:27:28,2017-01-26 23:35:03,92445451-2
14,2014-09-10 14:29:48,2014-09-15 04:44:26,46787382-2
184,2013-02-22 05:41:25,2013-03-07 06:15:02,85743167-7
114,2011-05-02 12:23:42,2011-05-10 12:50:28,95403427-5
11,2017-11-26 19:11:31,2017-12-01 10:22:06,40538537-6
189,2011-08-05 07:27:58,2011-08-09 07:34:00,66361406-1
116,2013-09-05 21:43:52,2013-09-12 14:18:22,52968708-7
28,2015-08-06 07:45:15,2015-08-12 19:57:06,14114400-6
116,2011-06-01 16:42:14,2011-06-15 18:52:13,86367440-9
93,2011-04-09 02:06:42,2011-04-19 08:33:02,14982281-k
76,2018-06-09 14:00:43,2018-06-15 05:25:27,32700742-4
76,2010-04-18 03:22:05,2010-04-28 12:43:04,10537138-1
188,2012-08-15 11:03:40,2012-08-21 18:20:47,60747994-1
52,2014-12-17 03:57:36,2014-12-20 07:20:53,79263691-8
57,2017-03-14 21:47:05,2017-03-25 23:46:29,91231636-k
105,2013-10-04 02:37:44,2013-10-18 11:24:18,95514882-7
210,2011-07-11 02:27:53,2011-07-25 09:25:43,19735595-6
169,2018-12-24 03:20:26,2018-12-27 13:29:54,75328775-2
184,2016-09-02 04:47:05,2016-09-16 05:53:12,45717384-9
207,2018-02-22 17:39:02,2018-02-28 02:20:53,34039148-9
179,2020-02-23 23:41:55,2020-03-07 06:44:11,64269343-3
88,2017-06-29 15:56:36,2017-07-05 16:01:27,54480341-7
138,2019-06-28 22:46:41,2019-07-11 09:25:00,45125749-8
142,2012-03-10 20:15:40,2012-03-14 10:04:43,13592940-9
167,2020-09-05 12:13:39,2020-09-20 00:13:02,20209505-4
197,2016-08-05 18:50:47,2016-08-17 06:36:04,72070561-3
169,2016-01-26 23:36:11,2016-01-30 12:35:42,75328775-2
210,2017-03-22 09:12:10,2017-03-26 21:37:45,29877385-6
62,2011-01-31 20:22:55,2011-02-09 01:58:02,36600416-5
105,2017-02-14 03:42:24,2017-02-21 11:15:09,63382431-2
170,2011-02-07 18:55:40,2011-02-20 08:13:15,51193594-6
77,2013-05-18 08:16:35,2013-05-24 21:30:21,59444986-k
9,2014-08-24 17:29:23,2014-09-05 00:20:09,94384917-k
58,2015-12-18 18:24:53,2015-12-25 07:50:19,63421928-5
8,2017-08-25 03:16:03,2017-08-28 03:29:50,35480818-8
155,2011-08-26 16:40:54,2011-08-31 19:45:57,85384785-2
79,2016-04-28 10:18:55,2016-05-04 01:56:32,77477421-1
16,2010-09-27 21:48:09,2010-10-06 23:02:14,86164302-6
103,2012-01-12 04:16:30,2012-01-20 17:35:02,73026642-1
135,2016-09-04 15:05:37,2016-09-09 20:08:54,74748755-3
112,2019-11-23 04:38:33,2019-11-28 14:52:03,93285177-6
56,2013-08-01 17:14:23,2013-08-04 17:23:19,43926456-k
42,2019-05-26 22:50:20,2019-06-06 04:08:07,96251410-3
163,2018-04-05 10:59:19,2018-04-14 17:13:29,20820475-0
1,2020-04-04 09:03:33,2020-04-18 13:28:43,98683815-5
175,2020-05-19 15:31:44,2020-05-27 22:54:33,33890329-4
124,2014-06-26 14:42:34,2014-07-04 04:00:42,26123513-7
87,2019-11-13 21:46:44,2019-11-26 22:15:47,64063874-5
34,2019-01-31 13:45:10,2019-02-09 14:55:13,14200344-9
33,2016-10-05 10:28:54,2016-10-19 20:20:20,91888069-0
207,2016-07-25 00:24:39,2016-08-02 16:26:12,79758989-6
53,2015-10-10 23:17:32,2015-10-17 05:11:31,66045545-0
103,2018-07-20 05:45:54,2018-08-01 08:12:32,11784418-8
64,2019-11-14 08:14:45,2019-11-23 00:10:20,48176712-1
62,2018-12-24 04:58:05,2019-01-02 09:59:59,31457093-6
200,2020-06-05 19:01:31,2020-06-13 11:31:54,38830395-6
57,2017-06-15 02:32:57,2017-06-27 04:33:35,12673702-5
162,2015-05-17 14:46:06,2015-05-23 22:58:46,88034198-7
109,2018-08-01 07:14:42,2018-08-06 18:41:03,12205074-2
147,2014-09-19 16:41:40,2014-10-01 21:02:59,16836029-0
37,2014-12-01 08:53:16,2014-12-11 17:35:24,41694611-6
198,2012-07-06 01:35:09,2012-07-17 01:43:27,86447590-6
132,2015-11-06 04:51:38,2015-11-10 13:14:52,54004386-8
27,2018-10-08 09:47:46,2018-10-16 16:03:44,69402733-4
124,2018-03-17 12:43:52,2018-03-29 13:23:05,83917354-7
8,2018-07-09 05:12:53,2018-07-22 18:38:44,38629675-8
141,2019-12-07 16:40:59,2019-12-19 02:38:24,22240154-2
16,2015-11-23 21:00:09,2015-11-29 07:15:58,86164302-6
193,2010-05-13 06:54:39,2010-05-21 13:11:37,66899113-0
22,2011-02-23 03:02:22,2011-02-26 14:21:07,63974341-1
196,2011-09-20 00:24:05,2011-09-26 04:58:51,45355149-0
35,2018-06-28 05:22:57,2018-07-07 06:24:56,31111145-0
172,2014-06-26 10:06:02,2014-07-07 21:08:16,59959821-9
149,2011-12-06 12:32:45,2011-12-15 04:54:39,79695896-0
129,2019-08-16 16:50:11,2019-08-22 02:30:31,69251591-9
207,2014-08-08 20:23:36,2014-08-22 05:22:36,35785969-7
189,2017-12-26 00:36:00,2018-01-01 07:57:02,63884576-8
97,2018-07-18 14:15:56,2018-07-25 19:43:07,87544765-3
160,2010-01-29 22:52:04,2010-02-05 05:26:47,23298314-0
8,2016-09-02 06:25:32,2016-09-11 15:45:00,34352032-8
107,2014-11-27 02:52:55,2014-12-09 14:50:29,38317707-3
145,2015-10-04 11:25:25,2015-10-11 12:59:02,12187269-2
210,2010-11-28 01:50:58,2010-12-10 10:32:38,33802463-0
84,2018-11-30 21:24:54,2018-12-06 05:07:03,15623590-3
80,2012-07-18 04:30:04,2012-07-23 12:54:37,43630930-9
71,2011-02-09 01:43:59,2011-02-14 10:24:43,81698647-8
77,2017-11-09 13:21:08,2017-11-24 04:06:03,57639262-1
142,2013-07-25 15:35:39,2013-08-05 23:13:09,65855526-k
181,2012-08-20 17:03:40,2012-08-28 02:25:14,71962392-1
3,2013-11-26 02:03:40,2013-12-09 09:25:44,27626683-7
159,2012-04-14 21:06:00,2012-04-21 23:58:12,21332506-k
163,2016-01-06 11:20:23,2016-01-10 16:50:59,71389826-0
144,2019-03-21 07:18:59,2019-04-04 11:36:30,41183684-3
130,2013-12-24 04:43:50,2013-12-27 10:47:57,53967694-6
45,2015-08-06 19:49:14,2015-08-14 05:06:40,22274441-5
181,2015-12-27 05:43:37,2016-01-10 09:44:22,11123767-0
16,2014-05-28 16:12:42,2014-06-11 20:41:27,53089483-5
52,2016-08-23 16:36:13,2016-08-31 02:19:35,71881591-6
101,2011-05-23 20:15:34,2011-05-30 01:42:21,31706054-8
76,2011-01-30 21:28:28,2011-02-07 08:20:17,10537138-1
144,2015-03-19 04:32:35,2015-04-01 20:29:42,52189199-8
0,2013-02-12 03:19:00,2013-02-20 07:35:11,75295314-7
144,2020-08-20 09:17:13,2020-08-26 11:25:38,11439340-1
150,2020-03-10 09:14:52,2020-03-24 23:06:22,71612139-9
11,2011-09-05 16:18:37,2011-09-12 01:09:53,59260036-6
11,2020-05-04 17:20:31,2020-05-12 05:17:49,40538537-6
101,2016-01-05 22:13:23,2016-01-16 03:52:43,89146700-1
131,2012-04-02 13:53:01,2012-04-16 22:59:49,91461351-5
101,2015-04-07 09:18:40,2015-04-11 20:49:09,35414863-3
108,2011-02-13 21:06:15,2011-02-17 01:05:39,48459253-5
87,2017-01-05 16:49:05,2017-01-16 02:10:00,74357811-2
38,2015-09-05 23:39:37,2015-09-13 04:49:35,37797879-k
181,2014-08-03 01:30:40,2014-08-07 08:24:06,11123767-0
176,2018-11-19 16:24:38,2018-11-28 22:48:31,77484278-0
61,2015-08-30 03:43:43,2015-09-05 15:01:26,62014673-0
3,2015-12-04 16:58:32,2015-12-13 00:47:07,16264932-9
73,2017-02-24 22:26:36,2017-03-05 09:11:23,29903675-8
14,2016-09-27 16:28:44,2016-10-03 22:55:00,30741496-1
182,2019-03-30 01:52:50,2019-04-11 05:37:18,11544489-1
126,2017-07-30 11:30:06,2017-08-11 02:40:47,34012878-8
82,2020-05-24 05:47:46,2020-06-01 16:57:08,21630671-6
6,2010-06-09 06:00:13,2010-06-15 07:18:36,95541819-0
207,2018-05-20 10:44:19,2018-05-31 11:56:26,79758989-6
40,2010-08-03 11:34:37,2010-08-13 21:56:24,22001298-0
26,2019-03-04 08:53:38,2019-03-17 11:51:39,43922451-7
29,2013-10-11 04:15:05,2013-10-21 12:41:54,28231652-8
80,2017-01-11 04:42:02,2017-01-17 19:36:12,85301240-8
184,2015-01-22 02:02:30,2015-01-28 09:19:21,52158784-9
52,2018-02-21 04:18:56,2018-02-24 15:33:41,45026478-4
154,2019-02-25 05:21:24,2019-03-02 14:53:14,49641463-2
146,2010-08-05 23:46:53,2010-08-20 05:28:36,50511840-5
15,2017-09-11 12:10:16,2017-09-17 18:05:00,93009498-6
31,2020-04-18 20:34:41,2020-05-01 05:11:28,90471139-k
45,2020-01-22 13:04:51,2020-01-29 19:25:55,75981648-k
80,2013-08-12 09:55:57,2013-08-21 16:39:42,92170041-5
157,2015-11-03 02:32:33,2015-11-12 05:33:54,49359132-0
126,2019-04-18 15:49:17,2019-05-02 19:17:28,44812887-3
180,2015-07-29 16:35:16,2015-08-05 16:53:25,35776394-0
71,2014-05-08 05:39:58,2014-05-17 16:20:24,15119459-1
139,2016-02-11 01:01:24,2016-02-18 12:07:08,91119340-k
183,2013-02-06 17:46:01,2013-02-11 20:37:38,26849996-2
17,2012-09-05 23:24:13,2012-09-18 06:51:44,46288331-5
195,2014-11-14 22:02:40,2014-11-26 02:37:22,34902561-2
92,2013-10-12 16:42:57,2013-10-22 09:03:21,13965853-1
66,2011-07-13 22:37:33,2011-07-25 14:13:48,43953571-7
111,2013-06-29 16:40:38,2013-07-05 21:55:20,41325900-2
70,2013-02-04 09:31:24,2013-02-16 12:50:29,25399600-5
74,2010-12-17 22:42:27,2010-12-23 02:01:37,42300579-3
136,2014-03-31 18:07:03,2014-04-03 21:32:26,91957637-5
53,2015-11-24 03:05:13,2015-12-02 19:17:39,53747213-8
36,2014-08-26 16:27:22,2014-09-02 00:26:04,29742884-5
107,2017-04-28 21:24:54,2017-05-09 08:21:43,38317707-3
22,2011-12-29 06:38:21,2012-01-05 15:44:08,63974341-1
201,2016-08-03 09:53:45,2016-08-06 10:19:10,41071374-8
60,2013-09-28 17:35:28,2013-10-08 19:05:09,54121962-5
12,2016-12-12 11:14:57,2016-12-18 22:14:32,34572846-5
39,2015-11-12 09:54:02,2015-11-21 18:51:22,58303600-8
150,2018-03-28 10:55:31,2018-04-09 00:00:49,82903113-2
190,2013-03-29 16:00:44,2013-04-05 04:47:36,95711978-6
26,2014-01-24 06:36:08,2014-01-29 19:22:41,95741388-9
134,2014-03-14 08:49:56,2014-03-17 15:58:17,57325256-k
193,2016-09-03 09:39:59,2016-09-16 11:17:31,20026905-5
74,2010-05-20 12:24:07,2010-06-04 01:52:53,72309503-4
147,2014-05-26 15:25:43,2014-06-02 00:15:25,48433213-4
210,2016-10-23 03:13:00,2016-11-06 17:48:26,33802463-0
177,2017-03-30 05:28:39,2017-04-13 11:36:33,44973013-5
57,2013-05-01 06:39:42,2013-05-12 18:49:58,76081261-7
45,2018-01-20 23:12:15,2018-01-26 12:55:42,68505645-3
149,2013-11-30 19:45:16,2013-12-13 01:29:21,85394005-4
150,2011-12-15 03:12:51,2011-12-24 09:13:55,43654491-k
208,2013-02-05 17:39:25,2013-02-10 01:46:10,86434438-0
106,2019-10-10 16:51:31,2019-10-14 07:18:40,53211068-8
153,2016-11-19 02:14:00,2016-11-29 08:27:37,23047484-2
67,2013-12-27 22:58:02,2014-01-09 14:47:39,53721649-2
206,2018-02-19 05:42:24,2018-03-03 13:00:16,21219682-7
178,2012-09-10 15:01:21,2012-09-23 05:08:10,91790173-2
212,2011-06-19 09:33:21,2011-07-01 01:44:28,61774912-2
176,2010-01-29 05:59:51,2010-02-06 15:54:08,77484278-0
111,2010-04-06 07:49:17,2010-04-15 22:21:02,45644100-9
178,2013-05-02 04:30:56,2013-05-11 08:23:51,91790173-2
131,2011-12-02 18:57:07,2011-12-10 09:36:16,70582800-8
156,2019-08-13 14:58:41,2019-08-19 21:34:21,83123905-0
65,2017-09-30 11:55:14,2017-10-08 04:23:09,30928102-0
69,2012-03-15 10:26:10,2012-03-26 12:55:57,10119008-0
207,2014-10-21 00:34:57,2014-11-04 07:47:17,79758989-6
152,2010-05-18 05:59:08,2010-05-23 21:54:54,69691126-6
52,2013-01-07 09:45:13,2013-01-21 02:05:29,79263691-8
154,2017-03-04 01:20:25,2017-03-12 03:01:57,59060940-4
123,2011-07-07 22:03:41,2011-07-10 22:20:20,56229978-5
159,2011-08-30 18:12:08,2011-09-09 01:13:52,95185947-8
196,2018-04-14 06:31:50,2018-04-28 15:29:33,81560843-7
108,2010-02-17 17:07:24,2010-02-22 06:20:11,63824003-3
72,2013-11-11 23:18:14,2013-11-18 01:03:08,64370666-0
112,2018-04-04 15:01:45,2018-04-15 21:04:47,25198755-6
24,2017-03-18 11:41:17,2017-03-22 20:24:06,32992512-9
110,2019-09-08 12:19:56,2019-09-11 22:02:54,36918308-7
117,2015-05-27 12:28:21,2015-06-07 03:04:35,10094201-1
115,2016-06-27 11:28:07,2016-07-03 22:01:58,43831962-k
25,2020-01-20 04:42:32,2020-01-26 12:09:31,96951878-3
55,2012-07-07 02:13:35,2012-07-16 16:02:10,96900689-8
213,2011-08-12 16:33:49,2011-08-16 04:17:18,13370165-6
107,2013-11-25 14:57:49,2013-12-05 04:11:58,12957899-8
47,2019-03-14 17:41:03,2019-03-28 04:08:00,90594532-7
1,2017-03-22 03:24:07,2017-04-05 12:18:46,41704207-5
80,2011-01-25 06:21:52,2011-02-05 14:30:31,97343582-5
48,2017-06-28 09:27:57,2017-07-06 20:27:14,11554909-k
100,2020-07-10 12:44:33,2020-07-21 02:08:32,92394961-5
103,2010-12-09 02:06:38,2010-12-20 08:03:26,11784418-8
142,2011-03-30 09:04:22,2011-04-09 13:41:19,15591154-9
106,2011-07-20 07:56:09,2011-07-23 13:08:20,77520112-6
93,2013-11-11 21:37:20,2013-11-16 04:10:02,82833215-5
199,2014-08-21 02:33:19,2014-08-27 12:52:45,97004364-0
158,2016-06-11 14:42:38,2016-06-16 18:49:58,81498697-7
79,2018-10-19 05:32:48,2018-10-22 09:23:10,77477421-1
172,2010-01-19 20:43:52,2010-02-03 10:33:52,12348490-8
48,2011-01-24 23:18:26,2011-02-02 05:16:51,37285914-8
18,2018-06-19 05:14:58,2018-06-25 20:50:21,45981588-0
203,2014-02-01 23:35:49,2014-02-14 03:31:28,50109588-5
210,2012-07-21 16:07:38,2012-07-27 00:31:51,31256887-k
214,2010-05-15 02:41:35,2010-05-25 11:16:36,63459997-5
20,2015-06-06 23:04:11,2015-06-18 06:39:21,96828461-4
135,2010-09-15 05:17:07,2010-09-24 15:33:46,48269008-4
206,2013-01-28 01:53:10,2013-02-03 11:32:55,21219682-7
57,2015-05-14 21:50:06,2015-05-26 02:03:44,36432728-5
172,2016-11-06 04:54:38,2016-11-20 16:21:11,59959821-9
211,2016-06-22 21:58:50,2016-07-02 06:14:30,11453035-2
212,2018-10-18 16:11:41,2018-10-25 00:06:15,77489819-0
103,2015-08-01 11:28:55,2015-08-13 19:08:29,95667888-9
136,2013-04-14 03:46:45,2013-04-19 08:00:56,15460166-k
192,2013-05-07 19:46:05,2013-05-13 02:06:54,50728559-7
151,2011-02-02 01:42:53,2011-02-15 15:08:32,96863860-2
199,2014-10-19 18:40:32,2014-11-01 08:58:27,59890575-4
13,2015-02-22 22:59:18,2015-03-03 15:04:07,79459402-3
144,2012-06-21 20:42:17,2012-07-04 08:28:01,70388205-6
130,2012-01-30 15:11:55,2012-02-10 22:00:44,16636734-4
19,2012-06-15 05:05:52,2012-06-18 17:45:13,50942616-3
49,2017-05-21 16:47:30,2017-06-03 23:40:58,14408869-7
93,2012-07-31 02:21:48,2012-08-07 06:21:28,44372095-2
166,2019-03-28 06:57:47,2019-04-10 22:04:44,17459269-1
35,2010-01-02 16:58:28,2010-01-17 03:55:58,23748548-3
126,2014-04-05 12:19:44,2014-04-16 01:00:49,85034590-2
120,2015-12-26 03:54:48,2016-01-03 10:02:59,96562711-1
202,2015-06-08 22:39:48,2015-06-23 01:10:49,91346186-k
98,2020-04-21 17:54:58,2020-04-29 23:44:00,35661237-k
214,2017-11-25 09:34:28,2017-11-29 12:11:52,73815426-6
47,2012-05-16 21:59:46,2012-05-31 03:13:25,27183294-k
120,2018-10-29 12:30:58,2018-11-03 15:17:18,13572944-2
51,2017-07-22 14:35:09,2017-08-01 02:57:41,44626695-0
54,2014-05-15 13:09:57,2014-05-24 03:19:42,79348268-k
32,2011-02-08 16:17:18,2011-02-13 19:32:41,99233768-0
192,2017-12-26 11:08:41,2018-01-04 16:25:46,91085975-7
28,2017-04-22 04:34:38,2017-05-05 14:46:52,94362008-3
83,2018-07-03 21:43:26,2018-07-16 09:35:06,47922722-5
190,2020-02-23 06:12:39,2020-03-06 19:31:22,28273728-0
128,2013-01-14 05:47:27,2013-01-20 16:59:01,53383454-k
100,2018-05-31 06:13:51,2018-06-04 18:42:23,34996262-4
157,2012-06-25 10:05:03,2012-07-02 22:38:23,36081017-8
202,2020-07-15 08:25:53,2020-07-24 14:54:06,38628283-8
38,2014-06-18 11:05:16,2014-06-21 13:00:55,88772168-8
5,2020-09-01 00:24:55,2020-09-09 14:26:14,53609901-8
105,2011-01-20 14:29:52,2011-01-26 15:13:17,63382431-2
111,2019-04-20 05:34:53,2019-05-03 20:43:31,62820832-8
155,2014-08-20 18:41:06,2014-09-03 06:03:23,51693674-6
10,2010-12-13 14:04:26,2010-12-18 05:12:06,28060713-4
115,2017-04-23 22:21:43,2017-05-02 04:49:33,23514054-3
32,2011-08-19 03:13:29,2011-08-22 15:46:04,25750021-7
97,2014-10-18 07:08:55,2014-10-24 10:27:21,77020926-9
147,2010-03-21 00:38:33,2010-04-04 04:35:11,16836029-0
40,2012-05-07 14:22:31,2012-05-17 01:33:49,22001298-0
73,2017-02-05 08:57:19,2017-02-12 17:09:45,33090056-3
17,2017-06-01 11:47:47,2017-06-10 20:19:01,69760987-3
208,2013-11-02 19:20:46,2013-11-13 07:21:26,66119831-1
0,2011-12-27 00:26:02,2012-01-09 16:57:02,47981838-k
21,2010-07-28 02:07:21,2010-08-03 05:40:41,56093204-9
80,2016-05-05 20:33:35,2016-05-14 09:11:21,92170041-5
113,2010-10-31 11:13:35,2010-11-04 13:49:15,94888169-1
89,2020-01-14 22:17:48,2020-01-23 03:18:33,58366562-5
33,2019-12-09 12:58:40,2019-12-20 22:22:29,13068977-9
114,2017-12-03 02:17:42,2017-12-15 06:14:15,48766480-4
15,2012-08-16 20:35:06,2012-08-28 03:55:28,20640357-8
40,2019-11-22 00:56:09,2019-11-27 10:56:54,77210598-3
210,2010-06-08 03:32:37,2010-06-20 07:36:48,83386046-1
143,2018-10-23 15:32:38,2018-11-06 08:09:58,61863167-2
176,2011-04-03 11:30:19,2011-04-13 20:55:50,72810804-5
24,2014-04-26 04:17:37,2014-04-30 15:43:32,32992512-9
132,2011-04-07 03:07:09,2011-04-18 10:18:27,54363208-2
202,2019-12-27 05:19:38,2020-01-09 08:35:14,91346186-k
1,2010-02-24 02:12:15,2010-03-01 02:49:22,39038168-9
121,2015-02-28 14:19:58,2015-03-11 06:37:32,70368495-5
182,2015-07-04 21:34:00,2015-07-16 08:37:35,33236616-5
88,2013-07-31 10:44:42,2013-08-09 10:51:49,73324033-4